PERMNO,date,TICKER,PRC
91233,20060703,MA,47.30000
91233,20060705,MA,47.60000
91233,20060706,MA,46.80000
91233,20060707,MA,46.12000
91233,20060710,MA,46.49000
91233,20060711,MA,46.35000
91233,20060712,MA,45.55000
91233,20060713,MA,44.72000
91233,20060714,MA,43.95000
91233,20060717,MA,43.99000
91233,20060718,MA,43.90000
91233,20060719,MA,45.28000
91233,20060720,MA,45.55000
91233,20060721,MA,45.28000
91233,20060724,MA,45.00000
91233,20060725,MA,46.08000
91233,20060726,MA,46.68000
91233,20060727,MA,46.52000
91233,20060728,MA,46.30000
91233,20060731,MA,45.87000
91233,20060801,MA,45.00000
91233,20060802,MA,50.02000
91233,20060803,MA,49.99000
91233,20060804,MA,50.05000
91233,20060807,MA,51.10000
91233,20060808,MA,52.57000
91233,20060809,MA,52.85000
91233,20060810,MA,53.56000
91233,20060811,MA,53.68000
91233,20060814,MA,54.23000
91233,20060815,MA,54.49000
91233,20060816,MA,54.27000
91233,20060817,MA,53.46000
91233,20060818,MA,53.45000
91233,20060821,MA,54.26000
91233,20060822,MA,55.23000
91233,20060823,MA,54.60000
91233,20060824,MA,55.65000
91233,20060825,MA,55.00000
91233,20060828,MA,55.02000
91233,20060829,MA,55.35000
91233,20060830,MA,55.25000
91233,20060831,MA,55.90000
91233,20060901,MA,56.55000
91233,20060905,MA,56.85000
91233,20060906,MA,58.88000
91233,20060907,MA,60.12000
91233,20060908,MA,59.75000
91233,20060911,MA,61.87000
91233,20060912,MA,62.10000
91233,20060913,MA,61.35000
91233,20060914,MA,62.79000
91233,20060915,MA,64.97000
91233,20060918,MA,65.12000
91233,20060919,MA,64.84000
91233,20060920,MA,66.55000
91233,20060921,MA,69.05000
91233,20060922,MA,65.93000
91233,20060925,MA,64.40000
91233,20060926,MA,66.00000
91233,20060927,MA,67.84000
91233,20060928,MA,68.65000
91233,20060929,MA,70.35000
91233,20061002,MA,69.96000
91233,20061003,MA,69.68000
91233,20061004,MA,69.62000
91233,20061005,MA,72.59000
91233,20061006,MA,75.15000
91233,20061009,MA,72.80000
91233,20061010,MA,71.91000
91233,20061011,MA,69.50000
91233,20061012,MA,70.41000
91233,20061013,MA,70.09000
91233,20061016,MA,71.30000
91233,20061017,MA,69.50000
91233,20061018,MA,70.45000
91233,20061019,MA,72.33000
91233,20061020,MA,71.22000
91233,20061023,MA,70.25000
91233,20061024,MA,71.20000
91233,20061025,MA,70.75000
91233,20061026,MA,72.20000
91233,20061027,MA,72.64000
91233,20061030,MA,72.54000
91233,20061031,MA,74.10000
91233,20061101,MA,85.07000
91233,20061102,MA,87.60000
91233,20061103,MA,89.51000
91233,20061106,MA,96.30000
91233,20061107,MA,92.50000
91233,20061108,MA,88.44000
91233,20061109,MA,88.20000
91233,20061110,MA,89.20000
91233,20061113,MA,96.55000
91233,20061114,MA,95.20000
91233,20061115,MA,95.30000
91233,20061116,MA,94.52000
91233,20061117,MA,94.79000
91233,20061120,MA,96.19000
91233,20061121,MA,100.60000
91233,20061122,MA,103.26000
91233,20061124,MA,105.48000
91233,20061127,MA,98.99000
91233,20061128,MA,100.75000
91233,20061129,MA,99.20000
91233,20061130,MA,101.75000
91233,20061201,MA,101.17000
91233,20061204,MA,100.08000
91233,20061205,MA,99.25000
91233,20061206,MA,99.13000
91233,20061207,MA,99.68000
91233,20061208,MA,100.10000
91233,20061211,MA,99.10000
91233,20061212,MA,95.75000
91233,20061213,MA,95.77000
91233,20061214,MA,95.60000
91233,20061215,MA,96.19000
91233,20061218,MA,92.90000
91233,20061219,MA,97.40000
91233,20061220,MA,97.51000
91233,20061221,MA,95.71000
91233,20061222,MA,96.35000
91233,20061226,MA,95.14000
91233,20061227,MA,99.37000
91233,20061228,MA,98.96000
91233,20061229,MA,98.49000
91233,20070103,MA,96.41000
91233,20070104,MA,101.14000
91233,20070105,MA,101.06000
91233,20070108,MA,101.08000
91233,20070109,MA,105.74000
91233,20070110,MA,104.74000
91233,20070111,MA,105.50000
91233,20070112,MA,105.25000
91233,20070116,MA,106.00000
91233,20070117,MA,109.04000
91233,20070118,MA,102.49000
91233,20070119,MA,105.03000
91233,20070122,MA,107.61000
91233,20070123,MA,108.41000
91233,20070124,MA,111.42000
91233,20070125,MA,107.87000
91233,20070126,MA,108.52000
91233,20070129,MA,109.74000
91233,20070130,MA,110.75000
91233,20070131,MA,111.55000
91233,20070201,MA,111.92000
91233,20070202,MA,110.96000
91233,20070205,MA,110.25000
91233,20070206,MA,110.55000
91233,20070207,MA,111.90000
91233,20070208,MA,114.74000
91233,20070209,MA,103.60000
91233,20070212,MA,102.08000
91233,20070213,MA,104.69000
91233,20070214,MA,108.02000
91233,20070215,MA,108.04000
91233,20070216,MA,108.32000
91233,20070220,MA,107.82000
91233,20070221,MA,107.29000
91233,20070222,MA,105.90000
91233,20070223,MA,104.57000
91233,20070226,MA,104.06000
91233,20070227,MA,103.00000
91233,20070228,MA,107.18000
91233,20070301,MA,106.29000
91233,20070302,MA,103.06000
91233,20070305,MA,100.94000
91233,20070306,MA,103.99000
91233,20070307,MA,99.72000
91233,20070308,MA,102.76000
91233,20070309,MA,102.36000
91233,20070312,MA,103.25000
91233,20070313,MA,103.86000
91233,20070314,MA,105.50000
91233,20070315,MA,105.26000
91233,20070316,MA,105.27000
91233,20070319,MA,106.89000
91233,20070320,MA,107.49000
91233,20070321,MA,110.70000
91233,20070322,MA,109.57000
91233,20070323,MA,109.86000
91233,20070326,MA,108.48000
91233,20070327,MA,107.25000
91233,20070328,MA,106.68000
91233,20070329,MA,107.19000
91233,20070330,MA,106.24000
91233,20070402,MA,106.96000
91233,20070403,MA,108.53000
91233,20070404,MA,107.21000
91233,20070405,MA,108.01000
91233,20070409,MA,108.34000
91233,20070410,MA,110.01000
91233,20070411,MA,109.81000
91233,20070412,MA,109.82000
91233,20070413,MA,109.40000
91233,20070416,MA,109.40000
91233,20070417,MA,109.65000
91233,20070418,MA,109.21000
91233,20070419,MA,109.33000
91233,20070420,MA,110.10000
91233,20070423,MA,110.04000
91233,20070424,MA,108.10000
91233,20070425,MA,109.34000
91233,20070426,MA,108.56000
91233,20070427,MA,114.10000
91233,20070430,MA,111.68000
91233,20070501,MA,114.85000
91233,20070502,MA,126.35000
91233,20070503,MA,134.82001
91233,20070504,MA,134.66000
91233,20070507,MA,134.11000
91233,20070508,MA,137.05000
91233,20070509,MA,139.55000
91233,20070510,MA,138.82001
91233,20070511,MA,138.83000
91233,20070514,MA,135.35001
91233,20070515,MA,135.44000
91233,20070516,MA,136.19000
91233,20070517,MA,136.09000
91233,20070518,MA,138.05000
91233,20070521,MA,139.50999
91233,20070522,MA,138.73000
91233,20070523,MA,140.13000
91233,20070524,MA,138.98000
91233,20070525,MA,139.07001
91233,20070529,MA,144.06000
91233,20070530,MA,147.13000
91233,20070531,MA,149.55000
91233,20070601,MA,151.10001
91233,20070604,MA,151.25000
91233,20070605,MA,149.20000
91233,20070606,MA,147.02000
91233,20070607,MA,139.41000
91233,20070608,MA,143.58000
91233,20070611,MA,141.60001
91233,20070612,MA,145.31000
91233,20070613,MA,150.30000
91233,20070614,MA,150.28999
91233,20070615,MA,157.64999
91233,20070618,MA,164.62000
91233,20070619,MA,165.27000
91233,20070620,MA,163.46001
91233,20070621,MA,164.69000
91233,20070622,MA,168.42999
91233,20070625,MA,161.95000
91233,20070626,MA,161.82001
91233,20070627,MA,163.03000
91233,20070628,MA,164.78000
91233,20070629,MA,165.87000
91233,20070702,MA,166.17999
91233,20070703,MA,162.21001
91233,20070705,MA,161.71001
91233,20070706,MA,161.89999
91233,20070709,MA,161.22000
91233,20070710,MA,158.35001
91233,20070711,MA,156.35001
91233,20070712,MA,167.87000
91233,20070713,MA,169.21001
91233,20070716,MA,169.71001
91233,20070717,MA,169.24001
91233,20070718,MA,168.83000
91233,20070719,MA,167.42999
91233,20070720,MA,165.28000
91233,20070723,MA,167.60001
91233,20070724,MA,158.77000
91233,20070725,MA,161.10001
91233,20070726,MA,158.72000
91233,20070727,MA,154.03000
91233,20070730,MA,164.59000
91233,20070731,MA,160.80000
91233,20070801,MA,150.00000
91233,20070802,MA,142.62000
91233,20070803,MA,131.25999
91233,20070806,MA,137.62000
91233,20070807,MA,144.27000
91233,20070808,MA,148.02000
91233,20070809,MA,141.28000
91233,20070810,MA,138.39999
91233,20070813,MA,136.59000
91233,20070814,MA,133.52000
91233,20070815,MA,129.03999
91233,20070816,MA,130.00000
91233,20070817,MA,137.00000
91233,20070820,MA,137.89999
91233,20070821,MA,140.16000
91233,20070822,MA,144.82001
91233,20070823,MA,142.28999
91233,20070824,MA,139.83000
91233,20070827,MA,138.25000
91233,20070828,MA,132.12000
91233,20070829,MA,133.42000
91233,20070830,MA,132.47000
91233,20070831,MA,136.99001
91233,20070904,MA,138.24001
91233,20070905,MA,135.56000
91233,20070906,MA,134.77000
91233,20070907,MA,130.21001
91233,20070910,MA,129.71001
91233,20070911,MA,132.17000
91233,20070912,MA,136.83000
91233,20070913,MA,139.50000
91233,20070914,MA,137.85001
91233,20070917,MA,136.72000
91233,20070918,MA,145.81000
91233,20070919,MA,149.50000
91233,20070920,MA,149.50999
91233,20070921,MA,146.56000
91233,20070924,MA,142.25999
91233,20070925,MA,142.99001
91233,20070926,MA,142.85001
91233,20070927,MA,148.00000
91233,20070928,MA,147.97000
91233,20071001,MA,153.37000
91233,20071002,MA,152.98000
91233,20071003,MA,156.94000
91233,20071004,MA,161.55000
91233,20071005,MA,162.46001
91233,20071008,MA,162.36000
91233,20071009,MA,162.69000
91233,20071010,MA,164.82001
91233,20071011,MA,161.84000
91233,20071012,MA,163.21001
91233,20071015,MA,157.91000
91233,20071016,MA,155.60001
91233,20071017,MA,154.61000
91233,20071018,MA,153.72000
91233,20071019,MA,151.60001
91233,20071022,MA,146.59000
91233,20071023,MA,148.33000
91233,20071024,MA,147.30000
91233,20071025,MA,151.38000
91233,20071026,MA,157.03000
91233,20071029,MA,157.35001
91233,20071030,MA,157.14999
91233,20071031,MA,189.91000
91233,20071101,MA,189.47501
91233,20071102,MA,190.03999
91233,20071105,MA,185.92999
91233,20071106,MA,199.39999
91233,20071107,MA,199.48000
91233,20071108,MA,191.44000
91233,20071109,MA,193.00000
91233,20071112,MA,181.88000
91233,20071113,MA,188.81000
91233,20071114,MA,186.77000
91233,20071115,MA,184.88000
91233,20071116,MA,184.87000
91233,20071119,MA,181.89999
91233,20071120,MA,182.12000
91233,20071121,MA,180.92000
91233,20071123,MA,181.10001
91233,20071126,MA,181.21001
91233,20071127,MA,183.86000
91233,20071128,MA,195.60001
91233,20071129,MA,197.74001
91233,20071130,MA,200.64999
91233,20071203,MA,201.88000
91233,20071204,MA,195.78999
91233,20071205,MA,200.07001
91233,20071206,MA,206.02000
91233,20071207,MA,209.60001
91233,20071210,MA,215.46001
91233,20071211,MA,217.50000
91233,20071212,MA,213.89999
91233,20071213,MA,223.20000
91233,20071214,MA,216.56000
91233,20071217,MA,204.92999
91233,20071218,MA,201.77000
91233,20071219,MA,212.34000
91233,20071220,MA,206.75000
91233,20071221,MA,212.35001
91233,20071224,MA,212.12000
91233,20071226,MA,209.48000
91233,20071227,MA,210.03000
91233,20071228,MA,210.00000
91233,20071231,MA,215.20000
91233,20080102,MA,214.67999
91233,20080103,MA,212.12000
91233,20080104,MA,201.19000
91233,20080107,MA,200.50999
91233,20080108,MA,198.00000
91233,20080109,MA,196.58000
91233,20080110,MA,195.99001
91233,20080111,MA,179.17000
91233,20080114,MA,178.22000
91233,20080115,MA,175.00000
91233,20080116,MA,175.53000
91233,20080117,MA,176.88000
91233,20080118,MA,174.62000
91233,20080122,MA,182.17000
91233,20080123,MA,192.59000
91233,20080124,MA,191.78000
91233,20080125,MA,193.42999
91233,20080128,MA,189.00000
91233,20080129,MA,191.46001
91233,20080130,MA,189.00000
91233,20080131,MA,207.00000
91233,20080201,MA,215.42000
91233,20080204,MA,216.00000
91233,20080205,MA,206.78000
91233,20080206,MA,204.95000
91233,20080207,MA,200.88000
91233,20080208,MA,205.61000
91233,20080211,MA,206.11000
91233,20080212,MA,204.00000
91233,20080213,MA,204.75999
91233,20080214,MA,202.23000
91233,20080215,MA,206.00000
91233,20080219,MA,204.20000
91233,20080220,MA,208.22000
91233,20080221,MA,204.48000
91233,20080222,MA,203.48000
91233,20080225,MA,198.45000
91233,20080226,MA,195.88000
91233,20080227,MA,191.19000
91233,20080228,MA,194.70000
91233,20080229,MA,190.00000
91233,20080303,MA,188.56000
91233,20080304,MA,192.47000
91233,20080305,MA,191.00000
91233,20080306,MA,189.99001
91233,20080307,MA,192.50999
91233,20080310,MA,191.50000
91233,20080311,MA,195.84000
91233,20080312,MA,203.89999
91233,20080313,MA,209.72000
91233,20080314,MA,208.64999
91233,20080317,MA,201.52000
91233,20080318,MA,210.25000
91233,20080319,MA,208.39000
91233,20080320,MA,220.38000
91233,20080324,MA,216.50000
91233,20080325,MA,224.98000
91233,20080326,MA,222.85001
91233,20080327,MA,220.70000
91233,20080328,MA,217.60001
91233,20080331,MA,222.99001
91233,20080401,MA,229.60001
91233,20080402,MA,223.75000
91233,20080403,MA,231.25000
91233,20080404,MA,226.57001
91233,20080407,MA,226.25000
91233,20080408,MA,231.47000
91233,20080409,MA,228.75000
91233,20080410,MA,228.92000
91233,20080411,MA,228.60001
91233,20080414,MA,227.10001
91233,20080415,MA,224.67999
91233,20080416,MA,230.47000
91233,20080417,MA,230.50000
91233,20080418,MA,233.71001
91233,20080421,MA,236.00000
91233,20080422,MA,234.62000
91233,20080423,MA,233.94000
91233,20080424,MA,239.55000
91233,20080425,MA,237.39000
91233,20080428,MA,242.50000
91233,20080429,MA,273.98001
91233,20080430,MA,278.16000
91233,20080501,MA,293.94000
91233,20080502,MA,285.04001
91233,20080505,MA,290.79999
91233,20080506,MA,296.01999
91233,20080507,MA,291.01001
91233,20080508,MA,293.41000
91233,20080509,MA,286.85001
91233,20080512,MA,290.26001
91233,20080513,MA,288.79999
91233,20080514,MA,286.45999
91233,20080515,MA,286.76999
91233,20080516,MA,283.39999
91233,20080519,MA,280.00000
91233,20080520,MA,277.64999
91233,20080521,MA,278.64999
91233,20080522,MA,275.89999
91233,20080523,MA,273.22000
91233,20080527,MA,278.76001
91233,20080528,MA,286.89001
91233,20080529,MA,309.00000
91233,20080530,MA,308.64999
91233,20080602,MA,320.00000
91233,20080603,MA,307.39999
91233,20080604,MA,297.39999
91233,20080605,MA,306.16000
91233,20080606,MA,295.73001
91233,20080609,MA,291.39999
91233,20080610,MA,286.04999
91233,20080611,MA,279.20999
91233,20080612,MA,284.39999
91233,20080613,MA,292.45999
91233,20080616,MA,294.47000
91233,20080617,MA,292.20999
91233,20080618,MA,293.09000
91233,20080619,MA,292.60001
91233,20080620,MA,284.01001
91233,20080623,MA,282.51999
91233,20080624,MA,280.37000
91233,20080625,MA,289.79001
91233,20080626,MA,275.73001
91233,20080627,MA,271.72000
91233,20080630,MA,265.51999
91233,20080701,MA,263.35001
91233,20080702,MA,255.49001
91233,20080703,MA,253.74001
91233,20080707,MA,246.10001
91233,20080708,MA,264.25000
91233,20080709,MA,251.25000
91233,20080710,MA,253.20000
91233,20080711,MA,257.35001
91233,20080714,MA,257.50000
91233,20080715,MA,250.37000
91233,20080716,MA,271.20001
91233,20080717,MA,286.00000
91233,20080718,MA,280.85999
91233,20080721,MA,267.89999
91233,20080722,MA,273.85001
91233,20080723,MA,271.00000
91233,20080724,MA,258.48001
91233,20080725,MA,263.54999
91233,20080728,MA,253.70000
91233,20080729,MA,262.10001
91233,20080730,MA,270.73001
91233,20080731,MA,244.14999
91233,20080801,MA,237.27000
91233,20080804,MA,230.92000
91233,20080805,MA,237.11000
91233,20080806,MA,232.00000
91233,20080807,MA,225.00000
91233,20080808,MA,232.13000
91233,20080811,MA,235.14999
91233,20080812,MA,230.92000
91233,20080813,MA,233.50000
91233,20080814,MA,235.88000
91233,20080815,MA,238.95000
91233,20080818,MA,237.91000
91233,20080819,MA,238.57001
91233,20080820,MA,243.32001
91233,20080821,MA,241.25999
91233,20080822,MA,241.64000
91233,20080825,MA,234.20000
91233,20080826,MA,236.75000
91233,20080827,MA,236.97000
91233,20080828,MA,242.48000
91233,20080829,MA,242.55000
91233,20080902,MA,239.20000
91233,20080903,MA,229.63000
91233,20080904,MA,216.03000
91233,20080905,MA,221.44000
91233,20080908,MA,219.41000
91233,20080909,MA,206.70000
91233,20080910,MA,213.32001
91233,20080911,MA,225.60001
91233,20080912,MA,223.82001
91233,20080915,MA,211.77000
91233,20080916,MA,214.81000
91233,20080917,MA,196.00000
91233,20080918,MA,208.53000
91233,20080919,MA,225.17999
91233,20080922,MA,202.38000
91233,20080923,MA,198.00000
91233,20080924,MA,194.35001
91233,20080925,MA,190.36000
91233,20080926,MA,185.07001
91233,20080929,MA,168.03000
91233,20080930,MA,177.33000
91233,20081001,MA,171.34000
91233,20081002,MA,160.13000
91233,20081003,MA,160.20000
91233,20081006,MA,167.41000
91233,20081007,MA,158.70000
91233,20081008,MA,163.53999
91233,20081009,MA,155.70000
91233,20081010,MA,151.71001
91233,20081013,MA,173.60001
91233,20081014,MA,174.07001
91233,20081015,MA,153.55000
91233,20081016,MA,156.67999
91233,20081017,MA,156.75000
91233,20081020,MA,150.14000
91233,20081021,MA,149.78000
91233,20081022,MA,140.92999
91233,20081023,MA,136.00000
91233,20081024,MA,130.62000
91233,20081027,MA,126.35000
91233,20081028,MA,136.00999
91233,20081029,MA,135.73000
91233,20081030,MA,140.06000
91233,20081031,MA,147.82001
91233,20081103,MA,143.89000
91233,20081104,MA,170.24001
91233,20081105,MA,155.87000
91233,20081106,MA,143.30000
91233,20081107,MA,147.73000
91233,20081110,MA,142.85001
91233,20081111,MA,141.50000
91233,20081112,MA,136.47000
91233,20081113,MA,146.99001
91233,20081114,MA,143.67999
91233,20081117,MA,135.74001
91233,20081118,MA,141.39999
91233,20081119,MA,129.53999
91233,20081120,MA,121.09000
91233,20081121,MA,126.54000
91233,20081124,MA,131.47000
91233,20081125,MA,139.06000
91233,20081126,MA,145.56000
91233,20081128,MA,145.30000
91233,20081201,MA,130.99001
91233,20081202,MA,133.97000
91233,20081203,MA,137.94000
91233,20081204,MA,133.27000
91233,20081205,MA,140.12000
91233,20081208,MA,147.30000
91233,20081209,MA,143.21001
91233,20081210,MA,145.00000
91233,20081211,MA,138.36000
91233,20081212,MA,138.81000
91233,20081215,MA,139.28999
91233,20081216,MA,148.10001
91233,20081217,MA,148.67999
91233,20081218,MA,148.81000
91233,20081219,MA,152.34000
91233,20081222,MA,145.20000
91233,20081223,MA,141.62000
91233,20081224,MA,142.23000
91233,20081226,MA,140.92999
91233,20081229,MA,139.34000
91233,20081230,MA,139.09000
91233,20081231,MA,142.92999
91233,20090102,MA,149.78000
91233,20090105,MA,153.25999
91233,20090106,MA,162.02000
91233,20090107,MA,152.07001
91233,20090108,MA,152.78000
91233,20090109,MA,150.03999
91233,20090112,MA,148.03999
91233,20090113,MA,150.44000
91233,20090114,MA,145.30000
91233,20090115,MA,130.30000
91233,20090116,MA,128.22000
91233,20090120,MA,119.18000
91233,20090121,MA,132.10001
91233,20090122,MA,128.85001
91233,20090123,MA,125.45000
91233,20090126,MA,123.12000
91233,20090127,MA,126.76000
91233,20090128,MA,133.66000
91233,20090129,MA,129.09000
91233,20090130,MA,135.78000
91233,20090202,MA,136.98000
91233,20090203,MA,139.70000
91233,20090204,MA,140.14999
91233,20090205,MA,159.84000
91233,20090206,MA,162.50000
91233,20090209,MA,162.02000
91233,20090210,MA,157.97000
91233,20090211,MA,163.98000
91233,20090212,MA,161.80000
91233,20090213,MA,161.89999
91233,20090217,MA,155.09000
91233,20090218,MA,159.03999
91233,20090219,MA,154.55000
91233,20090220,MA,158.00999
91233,20090223,MA,152.58000
91233,20090224,MA,161.27000
91233,20090225,MA,162.57001
91233,20090226,MA,155.70000
91233,20090227,MA,158.03000
91233,20090302,MA,150.63000
91233,20090303,MA,151.00999
91233,20090304,MA,150.48000
91233,20090305,MA,146.92000
91233,20090306,MA,142.44000
91233,20090309,MA,142.44000
91233,20090310,MA,148.48000
91233,20090311,MA,147.84000
91233,20090312,MA,157.07001
91233,20090313,MA,158.31000
91233,20090316,MA,153.69000
91233,20090317,MA,162.38000
91233,20090318,MA,159.75000
91233,20090319,MA,154.10001
91233,20090320,MA,155.53000
91233,20090323,MA,162.89000
91233,20090324,MA,162.88000
91233,20090325,MA,164.53000
91233,20090326,MA,169.88000
91233,20090327,MA,167.47000
91233,20090330,MA,163.05000
91233,20090331,MA,167.48000
91233,20090401,MA,160.08000
91233,20090402,MA,165.66000
91233,20090403,MA,174.05000
91233,20090406,MA,171.53000
91233,20090407,MA,165.75999
91233,20090408,MA,167.33000
91233,20090409,MA,172.46001
91233,20090413,MA,176.06000
91233,20090414,MA,166.10001
91233,20090415,MA,165.46001
91233,20090416,MA,161.70000
91233,20090417,MA,163.06000
91233,20090420,MA,151.85001
91233,20090421,MA,164.37000
91233,20090422,MA,160.77000
91233,20090423,MA,165.25000
91233,20090424,MA,173.09000
91233,20090427,MA,165.55000
91233,20090428,MA,167.53999
91233,20090429,MA,178.21001
91233,20090430,MA,183.45000
91233,20090501,MA,172.89999
91233,20090504,MA,178.99001
91233,20090505,MA,183.41000
91233,20090506,MA,183.42999
91233,20090507,MA,180.78000
91233,20090508,MA,185.08000
91233,20090511,MA,180.98000
91233,20090512,MA,178.20000
91233,20090513,MA,170.75999
91233,20090514,MA,173.35001
91233,20090515,MA,173.13000
91233,20090518,MA,173.39999
91233,20090519,MA,166.73000
91233,20090520,MA,169.63000
91233,20090521,MA,171.69000
91233,20090522,MA,168.36000
91233,20090526,MA,168.61000
91233,20090527,MA,167.38000
91233,20090528,MA,172.11000
91233,20090529,MA,176.33000
91233,20090601,MA,173.73000
91233,20090602,MA,168.39000
91233,20090603,MA,167.50999
91233,20090604,MA,168.39999
91233,20090605,MA,167.67999
91233,20090608,MA,165.97000
91233,20090609,MA,168.17999
91233,20090610,MA,173.60001
91233,20090611,MA,169.95000
91233,20090612,MA,167.06000
91233,20090615,MA,166.47000
91233,20090616,MA,163.56000
91233,20090617,MA,164.25999
91233,20090618,MA,163.39000
91233,20090619,MA,161.35001
91233,20090622,MA,156.78000
91233,20090623,MA,160.13000
91233,20090624,MA,161.06000
91233,20090625,MA,164.28000
91233,20090626,MA,168.91000
91233,20090629,MA,168.14999
91233,20090630,MA,167.31000
91233,20090701,MA,165.84000
91233,20090702,MA,166.28000
91233,20090706,MA,166.81000
91233,20090707,MA,161.00000
91233,20090708,MA,160.70000
91233,20090709,MA,162.80000
91233,20090710,MA,160.56000
91233,20090713,MA,165.52000
91233,20090714,MA,165.92999
91233,20090715,MA,172.37000
91233,20090716,MA,178.27000
91233,20090717,MA,179.84000
91233,20090720,MA,181.42000
91233,20090721,MA,180.94000
91233,20090722,MA,181.48000
91233,20090723,MA,185.87000
91233,20090724,MA,185.47000
91233,20090727,MA,189.13000
91233,20090728,MA,186.94000
91233,20090729,MA,188.55000
91233,20090730,MA,194.11000
91233,20090731,MA,194.03000
91233,20090803,MA,200.66000
91233,20090804,MA,203.10001
91233,20090805,MA,202.98000
91233,20090806,MA,201.48000
91233,20090807,MA,204.34000
91233,20090810,MA,202.34000
91233,20090811,MA,202.69000
91233,20090812,MA,204.32001
91233,20090813,MA,203.97000
91233,20090814,MA,202.61000
91233,20090817,MA,195.94000
91233,20090818,MA,198.17000
91233,20090819,MA,197.30000
91233,20090820,MA,203.02000
91233,20090821,MA,207.25000
91233,20090824,MA,204.23000
91233,20090825,MA,208.92999
91233,20090826,MA,206.69000
91233,20090827,MA,206.60001
91233,20090828,MA,203.57001
91233,20090831,MA,202.63000
91233,20090901,MA,200.67000
91233,20090902,MA,200.45000
91233,20090903,MA,203.39999
91233,20090904,MA,206.05000
91233,20090908,MA,207.45000
91233,20090909,MA,210.31000
91233,20090910,MA,211.60001
91233,20090911,MA,208.81000
91233,20090914,MA,207.99001
91233,20090915,MA,214.03000
91233,20090916,MA,219.75999
91233,20090917,MA,220.20000
91233,20090918,MA,223.57001
91233,20090921,MA,222.62000
91233,20090922,MA,224.58000
91233,20090923,MA,219.39000
91233,20090924,MA,214.94000
91233,20090925,MA,204.70000
91233,20090928,MA,208.14000
91233,20090929,MA,206.74001
91233,20090930,MA,202.14999
91233,20091001,MA,199.41000
91233,20091002,MA,199.69000
91233,20091005,MA,200.53000
91233,20091006,MA,200.75000
91233,20091007,MA,210.89999
91233,20091008,MA,210.96001
91233,20091009,MA,214.42000
91233,20091012,MA,216.00000
91233,20091013,MA,217.36000
91233,20091014,MA,219.48000
91233,20091015,MA,225.36000
91233,20091016,MA,223.87000
91233,20091019,MA,225.60001
91233,20091020,MA,225.00000
91233,20091021,MA,225.67000
91233,20091022,MA,229.28000
91233,20091023,MA,229.96001
91233,20091026,MA,220.75000
91233,20091027,MA,220.55000
91233,20091028,MA,220.50000
91233,20091029,MA,227.92000
91233,20091030,MA,219.02000
91233,20091102,MA,222.64999
91233,20091103,MA,219.20000
91233,20091104,MA,224.98000
91233,20091105,MA,230.25000
91233,20091106,MA,236.89999
91233,20091109,MA,242.19000
91233,20091110,MA,238.67000
91233,20091111,MA,237.89999
91233,20091112,MA,236.89000
91233,20091113,MA,234.72000
91233,20091116,MA,230.80000
91233,20091117,MA,231.00000
91233,20091118,MA,227.28000
91233,20091119,MA,230.09000
91233,20091120,MA,231.16000
91233,20091123,MA,236.19000
91233,20091124,MA,237.64999
91233,20091125,MA,239.84000
91233,20091127,MA,235.59000
91233,20091130,MA,240.86000
91233,20091201,MA,242.99001
91233,20091202,MA,242.42000
91233,20091203,MA,236.16000
91233,20091204,MA,241.33000
91233,20091207,MA,238.94000
91233,20091208,MA,238.61000
91233,20091209,MA,242.94000
91233,20091210,MA,244.12000
91233,20091211,MA,243.94000
91233,20091214,MA,247.48000
91233,20091215,MA,245.55000
91233,20091216,MA,246.39999
91233,20091217,MA,247.75000
91233,20091218,MA,254.84000
91233,20091221,MA,255.36000
91233,20091222,MA,255.62000
91233,20091223,MA,255.32001
91233,20091224,MA,255.42000
91233,20091228,MA,256.98001
91233,20091229,MA,258.35999
91233,20091230,MA,257.98001
91233,20091231,MA,255.98000
91233,20100104,MA,256.84000
91233,20100105,MA,256.07999
91233,20100106,MA,255.56000
91233,20100107,MA,253.89000
91233,20100108,MA,253.98000
91233,20100111,MA,249.80000
91233,20100112,MA,249.66000
91233,20100113,MA,256.14999
91233,20100114,MA,260.48001
91233,20100115,MA,262.64999
91233,20100119,MA,264.75000
91233,20100120,MA,263.39001
91233,20100121,MA,258.51001
91233,20100122,MA,251.81000
91233,20100125,MA,252.45000
91233,20100126,MA,248.61000
91233,20100127,MA,256.32999
91233,20100128,MA,249.45000
91233,20100129,MA,249.89999
91233,20100201,MA,253.42000
91233,20100202,MA,252.56000
91233,20100203,MA,247.58000
91233,20100204,MA,222.11000
91233,20100205,MA,220.74001
91233,20100208,MA,226.39999
91233,20100209,MA,223.45000
91233,20100210,MA,226.89999
91233,20100211,MA,229.00000
91233,20100212,MA,225.48000
91233,20100216,MA,225.30000
91233,20100217,MA,224.83000
91233,20100218,MA,222.00000
91233,20100219,MA,222.63000
91233,20100222,MA,224.24001
91233,20100223,MA,222.02000
91233,20100224,MA,221.75000
91233,20100225,MA,221.49001
91233,20100226,MA,224.37000
91233,20100301,MA,232.74001
91233,20100302,MA,231.81000
91233,20100303,MA,232.14999
91233,20100304,MA,233.00000
91233,20100305,MA,239.53999
91233,20100308,MA,245.61000
91233,20100309,MA,246.48000
91233,20100310,MA,249.60001
91233,20100311,MA,250.19000
91233,20100312,MA,249.97000
91233,20100315,MA,250.08000
91233,20100316,MA,249.34000
91233,20100317,MA,248.64999
91233,20100318,MA,246.30000
91233,20100319,MA,244.36000
91233,20100322,MA,247.08000
91233,20100323,MA,245.59000
91233,20100324,MA,244.67999
91233,20100325,MA,246.09000
91233,20100326,MA,246.24001
91233,20100329,MA,248.00999
91233,20100330,MA,252.41000
91233,20100331,MA,254.00000
91233,20100401,MA,253.94000
91233,20100405,MA,255.58000
91233,20100406,MA,258.75000
91233,20100407,MA,255.66000
91233,20100408,MA,256.88000
91233,20100409,MA,258.88000
91233,20100412,MA,259.57001
91233,20100413,MA,258.50000
91233,20100414,MA,263.13000
91233,20100415,MA,262.63000
91233,20100416,MA,259.50000
91233,20100419,MA,257.29999
91233,20100420,MA,261.39001
91233,20100421,MA,260.59000
91233,20100422,MA,261.60001
91233,20100423,MA,267.22000
91233,20100426,MA,265.78000
91233,20100427,MA,254.85001
91233,20100428,MA,253.00000
91233,20100429,MA,255.38000
91233,20100430,MA,248.03999
91233,20100503,MA,250.74001
91233,20100504,MA,251.25000
91233,20100505,MA,237.94000
91233,20100506,MA,230.30000
91233,20100507,MA,223.09000
91233,20100510,MA,230.31000
91233,20100511,MA,223.24001
91233,20100512,MA,232.62000
91233,20100513,MA,232.31000
91233,20100514,MA,212.45000
91233,20100517,MA,210.81000
91233,20100518,MA,202.81000
91233,20100519,MA,202.45000
91233,20100520,MA,205.50000
91233,20100521,MA,213.85001
91233,20100524,MA,209.84000
91233,20100525,MA,206.87000
91233,20100526,MA,205.00000
91233,20100527,MA,207.80000
91233,20100528,MA,201.77000
91233,20100601,MA,200.39000
91233,20100602,MA,201.02000
91233,20100603,MA,202.00000
91233,20100604,MA,196.67000
91233,20100607,MA,200.07001
91233,20100608,MA,197.53999
91233,20100609,MA,195.46001
91233,20100610,MA,205.12000
91233,20100611,MA,204.88000
91233,20100614,MA,204.17000
91233,20100615,MA,209.57001
91233,20100616,MA,210.62000
91233,20100617,MA,214.00000
91233,20100618,MA,214.25999
91233,20100621,MA,223.34000
91233,20100622,MA,220.94000
91233,20100623,MA,219.85001
91233,20100624,MA,214.89000
91233,20100625,MA,218.39000
91233,20100628,MA,211.52000
91233,20100629,MA,202.99001
91233,20100630,MA,199.53000
91233,20100701,MA,202.70000
91233,20100702,MA,202.77000
91233,20100706,MA,200.03000
91233,20100707,MA,207.57001
91233,20100708,MA,209.67000
91233,20100709,MA,215.52000
91233,20100712,MA,213.67000
91233,20100713,MA,214.63000
91233,20100714,MA,213.17000
91233,20100715,MA,211.81000
91233,20100716,MA,197.22000
91233,20100719,MA,195.83000
91233,20100720,MA,205.30000
91233,20100721,MA,201.50000
91233,20100722,MA,208.39999
91233,20100723,MA,212.94000
91233,20100726,MA,212.83000
91233,20100727,MA,214.23000
91233,20100728,MA,210.09000
91233,20100729,MA,208.37000
91233,20100730,MA,210.03999
91233,20100802,MA,202.52000
91233,20100803,MA,200.91000
91233,20100804,MA,205.30000
91233,20100805,MA,201.63000
91233,20100806,MA,207.42000
91233,20100809,MA,214.89000
91233,20100810,MA,216.35001
91233,20100811,MA,209.66000
91233,20100812,MA,211.83000
91233,20100813,MA,210.64000
91233,20100816,MA,210.44000
91233,20100817,MA,214.03000
91233,20100818,MA,212.86000
91233,20100819,MA,208.89000
91233,20100820,MA,206.37000
91233,20100823,MA,205.19000
91233,20100824,MA,202.50999
91233,20100825,MA,206.11000
91233,20100826,MA,203.17000
91233,20100827,MA,206.62000
91233,20100830,MA,202.70000
91233,20100831,MA,198.36000
91233,20100901,MA,201.08000
91233,20100902,MA,204.73000
91233,20100903,MA,206.98000
91233,20100907,MA,200.52000
91233,20100908,MA,194.39999
91233,20100909,MA,191.98000
91233,20100910,MA,198.14000
91233,20100913,MA,193.03000
91233,20100914,MA,199.75000
91233,20100915,MA,210.17999
91233,20100916,MA,210.28999
91233,20100917,MA,213.67000
91233,20100920,MA,218.71001
91233,20100921,MA,216.99001
91233,20100922,MA,219.03000
91233,20100923,MA,219.42999
91233,20100924,MA,221.57001
91233,20100927,MA,222.37000
91233,20100928,MA,223.00000
91233,20100929,MA,222.63000
91233,20100930,MA,224.00000
91233,20101001,MA,224.78000
91233,20101004,MA,222.64000
91233,20101005,MA,225.89999
91233,20101006,MA,223.30000
91233,20101007,MA,220.86000
91233,20101008,MA,222.59000
91233,20101011,MA,222.86000
91233,20101012,MA,222.13000
91233,20101013,MA,230.89000
91233,20101014,MA,232.66000
91233,20101015,MA,233.70000
91233,20101018,MA,235.45000
91233,20101019,MA,237.05000
91233,20101020,MA,240.52000
91233,20101021,MA,243.19000
91233,20101022,MA,242.64000
91233,20101025,MA,245.14999
91233,20101026,MA,243.52000
91233,20101027,MA,245.75999
91233,20101028,MA,239.52000
91233,20101029,MA,240.06000
91233,20101101,MA,238.99001
91233,20101102,MA,245.98000
91233,20101103,MA,251.83000
91233,20101104,MA,254.89000
91233,20101105,MA,256.29001
91233,20101108,MA,252.75999
91233,20101109,MA,251.52000
91233,20101110,MA,253.57001
91233,20101111,MA,252.07001
91233,20101112,MA,243.17000
91233,20101115,MA,242.92999
91233,20101116,MA,233.06000
91233,20101117,MA,234.57001
91233,20101118,MA,242.49001
91233,20101119,MA,243.88000
91233,20101122,MA,243.41000
91233,20101123,MA,235.64999
91233,20101124,MA,237.78999
91233,20101126,MA,235.14999
91233,20101129,MA,235.56000
91233,20101130,MA,237.03000
91233,20101201,MA,248.19000
91233,20101202,MA,249.19000
91233,20101203,MA,249.08000
91233,20101206,MA,253.16000
91233,20101207,MA,246.78000
91233,20101208,MA,250.64000
91233,20101209,MA,251.22000
91233,20101210,MA,254.75999
91233,20101213,MA,259.35001
91233,20101214,MA,254.12000
91233,20101215,MA,249.22000
91233,20101216,MA,223.49001
91233,20101217,MA,221.25999
91233,20101220,MA,223.53999
91233,20101221,MA,219.78000
91233,20101222,MA,217.39999
91233,20101223,MA,218.30000
91233,20101227,MA,224.64999
91233,20101228,MA,224.52000
91233,20101229,MA,225.46001
91233,20101230,MA,223.72000
91233,20101231,MA,224.11000
91233,20110103,MA,220.85001
91233,20110104,MA,223.70000
91233,20110105,MA,230.28999
91233,20110106,MA,231.12000
91233,20110107,MA,231.09000
91233,20110110,MA,230.20000
91233,20110111,MA,229.39999
91233,20110112,MA,232.83000
91233,20110113,MA,233.50999
91233,20110114,MA,236.91000
91233,20110118,MA,237.63000
91233,20110119,MA,235.36000
91233,20110120,MA,235.10001
91233,20110121,MA,233.53000
91233,20110124,MA,239.00000
91233,20110125,MA,241.53999
91233,20110126,MA,240.17999
91233,20110127,MA,239.11000
91233,20110128,MA,234.87000
91233,20110131,MA,236.50999
91233,20110201,MA,238.14999
91233,20110202,MA,239.39000
91233,20110203,MA,245.39000
91233,20110204,MA,247.24001
91233,20110207,MA,249.98000
91233,20110208,MA,249.61000
91233,20110209,MA,248.50000
91233,20110210,MA,252.13000
91233,20110211,MA,253.49001
91233,20110214,MA,254.96001
91233,20110215,MA,256.10001
91233,20110216,MA,254.38000
91233,20110217,MA,251.82001
91233,20110218,MA,250.74001
91233,20110222,MA,247.38000
91233,20110223,MA,244.12000
91233,20110224,MA,244.17999
91233,20110225,MA,246.71001
91233,20110228,MA,240.56000
91233,20110301,MA,240.36000
91233,20110302,MA,246.17999
91233,20110303,MA,251.64999
91233,20110304,MA,249.75000
91233,20110307,MA,247.27000
91233,20110308,MA,249.00000
91233,20110309,MA,247.98000
91233,20110310,MA,243.56000
91233,20110311,MA,248.42000
91233,20110314,MA,248.84000
91233,20110315,MA,244.64999
91233,20110316,MA,244.30000
91233,20110317,MA,243.75999
91233,20110318,MA,241.67999
91233,20110321,MA,247.96001
91233,20110322,MA,246.75999
91233,20110323,MA,246.86000
91233,20110324,MA,252.31000
91233,20110325,MA,247.70000
91233,20110328,MA,252.37000
91233,20110329,MA,251.71001
91233,20110330,MA,253.66000
91233,20110331,MA,251.72000
91233,20110401,MA,253.55000
91233,20110404,MA,261.25000
91233,20110405,MA,262.92999
91233,20110406,MA,265.48001
91233,20110407,MA,265.17001
91233,20110408,MA,263.06000
91233,20110411,MA,266.60999
91233,20110412,MA,262.95999
91233,20110413,MA,269.76001
91233,20110414,MA,268.87000
91233,20110415,MA,267.57999
91233,20110418,MA,265.04999
91233,20110419,MA,267.06000
91233,20110420,MA,270.01999
91233,20110421,MA,273.28000
91233,20110425,MA,271.42999
91233,20110426,MA,276.35999
91233,20110427,MA,275.35999
91233,20110428,MA,274.70001
91233,20110429,MA,275.89001
91233,20110502,MA,275.29001
91233,20110503,MA,282.38000
91233,20110504,MA,282.39001
91233,20110505,MA,274.50000
91233,20110506,MA,274.25000
91233,20110509,MA,278.76999
91233,20110510,MA,281.10001
91233,20110511,MA,278.13000
91233,20110512,MA,282.10001
91233,20110513,MA,280.00000
91233,20110516,MA,279.14999
91233,20110517,MA,282.04999
91233,20110518,MA,281.35001
91233,20110519,MA,284.06000
91233,20110520,MA,277.57001
91233,20110523,MA,271.95999
91233,20110524,MA,270.09000
91233,20110525,MA,274.48001
91233,20110526,MA,282.10001
91233,20110527,MA,285.23999
91233,20110531,MA,287.04999
91233,20110601,MA,280.66000
91233,20110602,MA,282.75000
91233,20110603,MA,277.06000
91233,20110606,MA,271.92001
91233,20110607,MA,274.20001
91233,20110608,MA,270.00000
91233,20110609,MA,271.70001
91233,20110610,MA,267.03000
91233,20110613,MA,267.42001
91233,20110614,MA,274.12000
91233,20110615,MA,270.47000
91233,20110616,MA,266.67999
91233,20110617,MA,266.09000
91233,20110620,MA,269.95001
91233,20110621,MA,274.03000
91233,20110622,MA,271.14001
91233,20110623,MA,273.13000
91233,20110624,MA,274.20001
91233,20110627,MA,272.60001
91233,20110628,MA,278.23001
91233,20110629,MA,309.70001
91233,20110630,MA,301.34000
